[{
    "attributes": {
        "accountExpires": [
            "9999-12-31 23:59:59.999999+00:00"
        ],
        "badPasswordTime": [
            "1601-01-01 00:00:00+00:00"
        ],
        "badPwdCount": [
            0
        ],
        "cn": [
            "G0"
        ],
        "codePage": [
            0
        ],
        "countryCode": [
            0
        ],
        "dNSHostName": [
            "g0.flight.htb"
        ],
        "dSCorePropagationData": [
            "2022-09-22 19:48:01+00:00",
            "1601-01-01 00:00:01+00:00"
        ],
        "distinguishedName": [
            "CN=G0,OU=Domain Controllers,DC=flight,DC=htb"
        ],
        "instanceType": [
            4
        ],
        "isCriticalSystemObject": [
            true
        ],
        "lastLogoff": [
            "1601-01-01 00:00:00+00:00"
        ],
        "lastLogon": [
            "2023-03-18 04:16:08.469540+00:00"
        ],
        "lastLogonTimestamp": [
            "2023-03-17 12:16:36.034023+00:00"
        ],
        "localPolicyFlags": [
            0
        ],
        "logonCount": [
            59
        ],
        "msDFSR-ComputerReferenceBL": [
            "CN=G0,CN=Topology,CN=Domain System Volume,CN=DFSR-GlobalSettings,CN=System,DC=flight,DC=htb"
        ],
        "msDS-GenerationId": [
            {
                "encoded": "1j9HrjtKvfw=",
                "encoding": "base64"
            }
        ],
        "msDS-SupportedEncryptionTypes": [
            28
        ],
        "name": [
            "G0"
        ],
        "objectCategory": [
            "CN=Computer,CN=Schema,CN=Configuration,DC=flight,DC=htb"
        ],
        "objectClass": [
            "top",
            "person",
            "organizationalPerson",
            "user",
            "computer"
        ],
        "objectGUID": [
            "{f8e70f6e-be4e-45fb-9218-da97d7c2d50a}"
        ],
        "objectSid": [
            "S-1-5-21-4078382237-1492182817-2568127209-1001"
        ],
        "operatingSystem": [
            "Windows Server 2019 Standard"
        ],
        "operatingSystemVersion": [
            "10.0 (17763)"
        ],
        "primaryGroupID": [
            516
        ],
        "pwdLastSet": [
            "2022-10-25 03:41:09.073263+00:00"
        ],
        "rIDSetReferences": [
            "CN=RID Set,CN=G0,OU=Domain Controllers,DC=flight,DC=htb"
        ],
        "sAMAccountName": [
            "G0$"
        ],
        "sAMAccountType": [
            805306369
        ],
        "serverReferenceBL": [
            "CN=G0,CN=Servers,CN=Default-First-Site-Name,CN=Sites,CN=Configuration,DC=flight,DC=htb"
        ],
        "servicePrincipalName": [
            "TERMSRV/G0",
            "TERMSRV/g0.flight.htb",
            "Dfsr-12F9A27C-BF97-4787-9364-D31B6C55EB04/g0.flight.htb",
            "ldap/g0.flight.htb/ForestDnsZones.flight.htb",
            "ldap/g0.flight.htb/DomainDnsZones.flight.htb",
            "DNS/g0.flight.htb",
            "GC/g0.flight.htb/flight.htb",
            "RestrictedKrbHost/g0.flight.htb",
            "RestrictedKrbHost/G0",
            "RPC/d72602ae-3e41-48f3-857b-ac5b2f7a9e15._msdcs.flight.htb",
            "HOST/G0/flight",
            "HOST/g0.flight.htb/flight",
            "HOST/G0",
            "HOST/g0.flight.htb",
            "HOST/g0.flight.htb/flight.htb",
            "E3514235-4B06-11D1-AB04-00C04FC2DCD2/d72602ae-3e41-48f3-857b-ac5b2f7a9e15/flight.htb",
            "ldap/G0/flight",
            "ldap/d72602ae-3e41-48f3-857b-ac5b2f7a9e15._msdcs.flight.htb",
            "ldap/g0.flight.htb/flight",
            "ldap/G0",
            "ldap/g0.flight.htb",
            "ldap/g0.flight.htb/flight.htb"
        ],
        "uSNChanged": [
            123017
        ],
        "uSNCreated": [
            12293
        ],
        "userAccountControl": [
            532480
        ],
        "whenChanged": [
            "2023-03-17 21:22:29+00:00"
        ],
        "whenCreated": [
            "2022-09-22 19:48:01+00:00"
        ]
    },
    "dn": "CN=G0,OU=Domain Controllers,DC=flight,DC=htb"
}]