[{
    "attributes": {
        "cn": [
            "WebDevs"
        ],
        "dSCorePropagationData": [
            "1601-01-01 00:00:00+00:00"
        ],
        "distinguishedName": [
            "CN=WebDevs,CN=Users,DC=flight,DC=htb"
        ],
        "groupType": [
            -2147483646
        ],
        "instanceType": [
            4
        ],
        "member": [
            "CN=C.Bum,CN=Users,DC=flight,DC=htb"
        ],
        "name": [
            "WebDevs"
        ],
        "objectCategory": [
            "CN=Group,CN=Schema,CN=Configuration,DC=flight,DC=htb"
        ],
        "objectClass": [
            "top",
            "group"
        ],
        "objectGUID": [
            "{6f75339d-6b17-47ee-8538-4489c7d0541b}"
        ],
        "objectSid": [
            "S-1-5-21-4078382237-1492182817-2568127209-1614"
        ],
        "sAMAccountName": [
            "WebDevs"
        ],
        "sAMAccountType": [
            268435456
        ],
        "uSNChanged": [
            20584
        ],
        "uSNCreated": [
            20580
        ],
        "whenChanged": [
            "2022-09-22 20:17:00+00:00"
        ],
        "whenCreated": [
            "2022-09-22 20:17:00+00:00"
        ]
    },
    "dn": "CN=WebDevs,CN=Users,DC=flight,DC=htb"
},{
    "attributes": {
        "cn": [
            "DnsUpdateProxy"
        ],
        "dSCorePropagationData": [
            "1601-01-01 00:00:00+00:00"
        ],
        "description": [
            "DNS clients who are permitted to perform dynamic updates on behalf of some other clients (such as DHCP servers)."
        ],
        "distinguishedName": [
            "CN=DnsUpdateProxy,CN=Users,DC=flight,DC=htb"
        ],
        "groupType": [
            -2147483646
        ],
        "instanceType": [
            4
        ],
        "name": [
            "DnsUpdateProxy"
        ],
        "objectCategory": [
            "CN=Group,CN=Schema,CN=Configuration,DC=flight,DC=htb"
        ],
        "objectClass": [
            "top",
            "group"
        ],
        "objectGUID": [
            "{9ee2f53e-3592-4dff-a6fc-3a7d7d9c4394}"
        ],
        "objectSid": [
            "S-1-5-21-4078382237-1492182817-2568127209-1103"
        ],
        "sAMAccountName": [
            "DnsUpdateProxy"
        ],
        "sAMAccountType": [
            268435456
        ],
        "uSNChanged": [
            12494
        ],
        "uSNCreated": [
            12494
        ],
        "whenChanged": [
            "2022-09-22 19:48:41+00:00"
        ],
        "whenCreated": [
            "2022-09-22 19:48:41+00:00"
        ]
    },
    "dn": "CN=DnsUpdateProxy,CN=Users,DC=flight,DC=htb"
},{
    "attributes": {
        "cn": [
            "DnsAdmins"
        ],
        "dSCorePropagationData": [
            "1601-01-01 00:00:00+00:00"
        ],
        "description": [
            "DNS Administrators Group"
        ],
        "distinguishedName": [
            "CN=DnsAdmins,CN=Users,DC=flight,DC=htb"
        ],
        "groupType": [
            -2147483644
        ],
        "instanceType": [
            4
        ],
        "name": [
            "DnsAdmins"
        ],
        "objectCategory": [
            "CN=Group,CN=Schema,CN=Configuration,DC=flight,DC=htb"
        ],
        "objectClass": [
            "top",
            "group"
        ],
        "objectGUID": [
            "{61ef1f31-3cad-418a-bcfc-55f898336507}"
        ],
        "objectSid": [
            "S-1-5-21-4078382237-1492182817-2568127209-1102"
        ],
        "sAMAccountName": [
            "DnsAdmins"
        ],
        "sAMAccountType": [
            536870912
        ],
        "uSNChanged": [
            12491
        ],
        "uSNCreated": [
            12489
        ],
        "whenChanged": [
            "2022-09-22 19:48:41+00:00"
        ],
        "whenCreated": [
            "2022-09-22 19:48:41+00:00"
        ]
    },
    "dn": "CN=DnsAdmins,CN=Users,DC=flight,DC=htb"
},{
    "attributes": {
        "adminCount": [
            1
        ],
        "cn": [
            "Enterprise Key Admins"
        ],
        "dSCorePropagationData": [
            "2022-09-22 20:32:29+00:00",
            "2022-09-22 19:48:01+00:00",
            "1601-01-01 00:04:16+00:00"
        ],
        "description": [
            "Members of this group can perform administrative actions on key objects within the forest."
        ],
        "distinguishedName": [
            "CN=Enterprise Key Admins,CN=Users,DC=flight,DC=htb"
        ],
        "groupType": [
            -2147483640
        ],
        "instanceType": [
            4
        ],
        "isCriticalSystemObject": [
            true
        ],
        "name": [
            "Enterprise Key Admins"
        ],
        "objectCategory": [
            "CN=Group,CN=Schema,CN=Configuration,DC=flight,DC=htb"
        ],
        "objectClass": [
            "top",
            "group"
        ],
        "objectGUID": [
            "{753c6963-54ae-4453-bccf-58205ed44eb4}"
        ],
        "objectSid": [
            "S-1-5-21-4078382237-1492182817-2568127209-527"
        ],
        "sAMAccountName": [
            "Enterprise Key Admins"
        ],
        "sAMAccountType": [
            268435456
        ],
        "uSNChanged": [
            24600
        ],
        "uSNCreated": [
            12456
        ],
        "whenChanged": [
            "2022-09-22 20:32:29+00:00"
        ],
        "whenCreated": [
            "2022-09-22 19:48:01+00:00"
        ]
    },
    "dn": "CN=Enterprise Key Admins,CN=Users,DC=flight,DC=htb"
},{
    "attributes": {
        "adminCount": [
            1
        ],
        "cn": [
            "Key Admins"
        ],
        "dSCorePropagationData": [
            "2022-09-22 20:32:29+00:00",
            "2022-09-22 19:48:01+00:00",
            "1601-01-01 00:04:16+00:00"
        ],
        "description": [
            "Members of this group can perform administrative actions on key objects within the domain."
        ],
        "distinguishedName": [
            "CN=Key Admins,CN=Users,DC=flight,DC=htb"
        ],
        "groupType": [
            -2147483646
        ],
        "instanceType": [
            4
        ],
        "isCriticalSystemObject": [
            true
        ],
        "name": [
            "Key Admins"
        ],
        "objectCategory": [
            "CN=Group,CN=Schema,CN=Configuration,DC=flight,DC=htb"
        ],
        "objectClass": [
            "top",
            "group"
        ],
        "objectGUID": [
            "{8cafc056-fdd3-4daa-ba8c-9eac3ea97296}"
        ],
        "objectSid": [
            "S-1-5-21-4078382237-1492182817-2568127209-526"
        ],
        "sAMAccountName": [
            "Key Admins"
        ],
        "sAMAccountType": [
            268435456
        ],
        "uSNChanged": [
            24597
        ],
        "uSNCreated": [
            12453
        ],
        "whenChanged": [
            "2022-09-22 20:32:29+00:00"
        ],
        "whenCreated": [
            "2022-09-22 19:48:01+00:00"
        ]
    },
    "dn": "CN=Key Admins,CN=Users,DC=flight,DC=htb"
},{
    "attributes": {
        "cn": [
            "Protected Users"
        ],
        "dSCorePropagationData": [
            "2022-09-22 19:48:01+00:00",
            "1601-01-01 00:00:01+00:00"
        ],
        "description": [
            "Members of this group are afforded additional protections against authentication security threats. See http://go.microsoft.com/fwlink/?LinkId=298939 for more information."
        ],
        "distinguishedName": [
            "CN=Protected Users,CN=Users,DC=flight,DC=htb"
        ],
        "groupType": [
            -2147483646
        ],
        "instanceType": [
            4
        ],
        "isCriticalSystemObject": [
            true
        ],
        "name": [
            "Protected Users"
        ],
        "objectCategory": [
            "CN=Group,CN=Schema,CN=Configuration,DC=flight,DC=htb"
        ],
        "objectClass": [
            "top",
            "group"
        ],
        "objectGUID": [
            "{a828dad1-43c6-411c-8f4c-9d6aa0454efe}"
        ],
        "objectSid": [
            "S-1-5-21-4078382237-1492182817-2568127209-525"
        ],
        "sAMAccountName": [
            "Protected Users"
        ],
        "sAMAccountType": [
            268435456
        ],
        "uSNChanged": [
            12450
        ],
        "uSNCreated": [
            12448
        ],
        "whenChanged": [
            "2022-09-22 19:48:01+00:00"
        ],
        "whenCreated": [
            "2022-09-22 19:48:01+00:00"
        ]
    },
    "dn": "CN=Protected Users,CN=Users,DC=flight,DC=htb"
},{
    "attributes": {
        "cn": [
            "Cloneable Domain Controllers"
        ],
        "dSCorePropagationData": [
            "2022-09-22 19:48:01+00:00",
            "1601-01-01 00:00:01+00:00"
        ],
        "description": [
            "Members of this group that are domain controllers may be cloned."
        ],
        "distinguishedName": [
            "CN=Cloneable Domain Controllers,CN=Users,DC=flight,DC=htb"
        ],
        "groupType": [
            -2147483646
        ],
        "instanceType": [
            4
        ],
        "isCriticalSystemObject": [
            true
        ],
        "name": [
            "Cloneable Domain Controllers"
        ],
        "objectCategory": [
            "CN=Group,CN=Schema,CN=Configuration,DC=flight,DC=htb"
        ],
        "objectClass": [
            "top",
            "group"
        ],
        "objectGUID": [
            "{ead6117f-7607-453e-8cac-208291b79548}"
        ],
        "objectSid": [
            "S-1-5-21-4078382237-1492182817-2568127209-522"
        ],
        "sAMAccountName": [
            "Cloneable Domain Controllers"
        ],
        "sAMAccountType": [
            268435456
        ],
        "uSNChanged": [
            12445
        ],
        "uSNCreated": [
            12443
        ],
        "whenChanged": [
            "2022-09-22 19:48:01+00:00"
        ],
        "whenCreated": [
            "2022-09-22 19:48:01+00:00"
        ]
    },
    "dn": "CN=Cloneable Domain Controllers,CN=Users,DC=flight,DC=htb"
},{
    "attributes": {
        "cn": [
            "Enterprise Read-only Domain Controllers"
        ],
        "dSCorePropagationData": [
            "2022-09-22 19:48:01+00:00",
            "1601-01-01 00:00:01+00:00"
        ],
        "description": [
            "Members of this group are Read-Only Domain Controllers in the enterprise"
        ],
        "distinguishedName": [
            "CN=Enterprise Read-only Domain Controllers,CN=Users,DC=flight,DC=htb"
        ],
        "groupType": [
            -2147483640
        ],
        "instanceType": [
            4
        ],
        "isCriticalSystemObject": [
            true
        ],
        "name": [
            "Enterprise Read-only Domain Controllers"
        ],
        "objectCategory": [
            "CN=Group,CN=Schema,CN=Configuration,DC=flight,DC=htb"
        ],
        "objectClass": [
            "top",
            "group"
        ],
        "objectGUID": [
            "{35b6f71a-cc4e-4088-bf57-95699137f2d9}"
        ],
        "objectSid": [
            "S-1-5-21-4078382237-1492182817-2568127209-498"
        ],
        "sAMAccountName": [
            "Enterprise Read-only Domain Controllers"
        ],
        "sAMAccountType": [
            268435456
        ],
        "uSNChanged": [
            12434
        ],
        "uSNCreated": [
            12432
        ],
        "whenChanged": [
            "2022-09-22 19:48:01+00:00"
        ],
        "whenCreated": [
            "2022-09-22 19:48:01+00:00"
        ]
    },
    "dn": "CN=Enterprise Read-only Domain Controllers,CN=Users,DC=flight,DC=htb"
},{
    "attributes": {
        "adminCount": [
            1
        ],
        "cn": [
            "Read-only Domain Controllers"
        ],
        "dSCorePropagationData": [
            "2022-09-22 20:32:29+00:00",
            "2022-09-22 19:48:01+00:00",
            "1601-01-01 00:04:16+00:00"
        ],
        "description": [
            "Members of this group are Read-Only Domain Controllers in the domain"
        ],
        "distinguishedName": [
            "CN=Read-only Domain Controllers,CN=Users,DC=flight,DC=htb"
        ],
        "groupType": [
            -2147483646
        ],
        "instanceType": [
            4
        ],
        "isCriticalSystemObject": [
            true
        ],
        "memberOf": [
            "CN=Denied RODC Password Replication Group,CN=Users,DC=flight,DC=htb"
        ],
        "name": [
            "Read-only Domain Controllers"
        ],
        "objectCategory": [
            "CN=Group,CN=Schema,CN=Configuration,DC=flight,DC=htb"
        ],
        "objectClass": [
            "top",
            "group"
        ],
        "objectGUID": [
            "{7dd6b35d-4594-44f7-816d-768b53cc9447}"
        ],
        "objectSid": [
            "S-1-5-21-4078382237-1492182817-2568127209-521"
        ],
        "sAMAccountName": [
            "Read-only Domain Controllers"
        ],
        "sAMAccountType": [
            268435456
        ],
        "uSNChanged": [
            24616
        ],
        "uSNCreated": [
            12422
        ],
        "whenChanged": [
            "2022-09-22 20:32:29+00:00"
        ],
        "whenCreated": [
            "2022-09-22 19:48:01+00:00"
        ]
    },
    "dn": "CN=Read-only Domain Controllers,CN=Users,DC=flight,DC=htb"
},{
    "attributes": {
        "cn": [
            "Denied RODC Password Replication Group"
        ],
        "dSCorePropagationData": [
            "2022-09-22 19:48:01+00:00",
            "1601-01-01 00:00:01+00:00"
        ],
        "description": [
            "Members in this group cannot have their passwords replicated to any read-only domain controllers in the domain"
        ],
        "distinguishedName": [
            "CN=Denied RODC Password Replication Group,CN=Users,DC=flight,DC=htb"
        ],
        "groupType": [
            -2147483644
        ],
        "instanceType": [
            4
        ],
        "isCriticalSystemObject": [
            true
        ],
        "member": [
            "CN=Read-only Domain Controllers,CN=Users,DC=flight,DC=htb",
            "CN=Group Policy Creator Owners,CN=Users,DC=flight,DC=htb",
            "CN=Domain Admins,CN=Users,DC=flight,DC=htb",
            "CN=Cert Publishers,CN=Users,DC=flight,DC=htb",
            "CN=Enterprise Admins,CN=Users,DC=flight,DC=htb",
            "CN=Schema Admins,CN=Users,DC=flight,DC=htb",
            "CN=Domain Controllers,CN=Users,DC=flight,DC=htb",
            "CN=krbtgt,CN=Users,DC=flight,DC=htb"
        ],
        "name": [
            "Denied RODC Password Replication Group"
        ],
        "objectCategory": [
            "CN=Group,CN=Schema,CN=Configuration,DC=flight,DC=htb"
        ],
        "objectClass": [
            "top",
            "group"
        ],
        "objectGUID": [
            "{2fb44ac2-8c38-4f83-8de0-393fbe2012df}"
        ],
        "objectSid": [
            "S-1-5-21-4078382237-1492182817-2568127209-572"
        ],
        "sAMAccountName": [
            "Denied RODC Password Replication Group"
        ],
        "sAMAccountType": [
            536870912
        ],
        "uSNChanged": [
            12436
        ],
        "uSNCreated": [
            12408
        ],
        "whenChanged": [
            "2022-09-22 19:48:01+00:00"
        ],
        "whenCreated": [
            "2022-09-22 19:48:01+00:00"
        ]
    },
    "dn": "CN=Denied RODC Password Replication Group,CN=Users,DC=flight,DC=htb"
},{
    "attributes": {
        "cn": [
            "Allowed RODC Password Replication Group"
        ],
        "dSCorePropagationData": [
            "2022-09-22 19:48:01+00:00",
            "1601-01-01 00:00:01+00:00"
        ],
        "description": [
            "Members in this group can have their passwords replicated to all read-only domain controllers in the domain"
        ],
        "distinguishedName": [
            "CN=Allowed RODC Password Replication Group,CN=Users,DC=flight,DC=htb"
        ],
        "groupType": [
            -2147483644
        ],
        "instanceType": [
            4
        ],
        "isCriticalSystemObject": [
            true
        ],
        "name": [
            "Allowed RODC Password Replication Group"
        ],
        "objectCategory": [
            "CN=Group,CN=Schema,CN=Configuration,DC=flight,DC=htb"
        ],
        "objectClass": [
            "top",
            "group"
        ],
        "objectGUID": [
            "{1762d264-71ac-469a-b314-17fe29b7367b}"
        ],
        "objectSid": [
            "S-1-5-21-4078382237-1492182817-2568127209-571"
        ],
        "sAMAccountName": [
            "Allowed RODC Password Replication Group"
        ],
        "sAMAccountType": [
            536870912
        ],
        "uSNChanged": [
            12407
        ],
        "uSNCreated": [
            12405
        ],
        "whenChanged": [
            "2022-09-22 19:48:01+00:00"
        ],
        "whenCreated": [
            "2022-09-22 19:48:01+00:00"
        ]
    },
    "dn": "CN=Allowed RODC Password Replication Group,CN=Users,DC=flight,DC=htb"
},{
    "attributes": {
        "cn": [
            "Terminal Server License Servers"
        ],
        "dSCorePropagationData": [
            "2022-09-22 19:48:01+00:00",
            "1601-01-01 00:00:01+00:00"
        ],
        "description": [
            "Members of this group can update user accounts in Active Directory with information about license issuance, for the purpose of tracking and reporting TS Per User CAL usage"
        ],
        "distinguishedName": [
            "CN=Terminal Server License Servers,CN=Builtin,DC=flight,DC=htb"
        ],
        "groupType": [
            -2147483643
        ],
        "instanceType": [
            4
        ],
        "isCriticalSystemObject": [
            true
        ],
        "name": [
            "Terminal Server License Servers"
        ],
        "objectCategory": [
            "CN=Group,CN=Schema,CN=Configuration,DC=flight,DC=htb"
        ],
        "objectClass": [
            "top",
            "group"
        ],
        "objectGUID": [
            "{31c9a413-9503-4361-afce-659c24a21899}"
        ],
        "objectSid": [
            "S-1-5-32-561"
        ],
        "sAMAccountName": [
            "Terminal Server License Servers"
        ],
        "sAMAccountType": [
            536870912
        ],
        "systemFlags": [
            -1946157056
        ],
        "uSNChanged": [
            12377
        ],
        "uSNCreated": [
            12375
        ],
        "whenChanged": [
            "2022-09-22 19:48:01+00:00"
        ],
        "whenCreated": [
            "2022-09-22 19:48:01+00:00"
        ]
    },
    "dn": "CN=Terminal Server License Servers,CN=Builtin,DC=flight,DC=htb"
},{
    "attributes": {
        "cn": [
            "Windows Authorization Access Group"
        ],
        "dSCorePropagationData": [
            "2022-09-22 19:48:01+00:00",
            "1601-01-01 00:00:01+00:00"
        ],
        "description": [
            "Members of this group have access to the computed tokenGroupsGlobalAndUniversal attribute on User objects"
        ],
        "distinguishedName": [
            "CN=Windows Authorization Access Group,CN=Builtin,DC=flight,DC=htb"
        ],
        "groupType": [
            -2147483643
        ],
        "instanceType": [
            4
        ],
        "isCriticalSystemObject": [
            true
        ],
        "member": [
            "CN=S-1-5-9,CN=ForeignSecurityPrincipals,DC=flight,DC=htb"
        ],
        "name": [
            "Windows Authorization Access Group"
        ],
        "objectCategory": [
            "CN=Group,CN=Schema,CN=Configuration,DC=flight,DC=htb"
        ],
        "objectClass": [
            "top",
            "group"
        ],
        "objectGUID": [
            "{449786b4-1e07-4f28-9a75-83650c744fc8}"
        ],
        "objectSid": [
            "S-1-5-32-560"
        ],
        "sAMAccountName": [
            "Windows Authorization Access Group"
        ],
        "sAMAccountType": [
            536870912
        ],
        "systemFlags": [
            -1946157056
        ],
        "uSNChanged": [
            12396
        ],
        "uSNCreated": [
            12372
        ],
        "whenChanged": [
            "2022-09-22 19:48:01+00:00"
        ],
        "whenCreated": [
            "2022-09-22 19:48:01+00:00"
        ]
    },
    "dn": "CN=Windows Authorization Access Group,CN=Builtin,DC=flight,DC=htb"
},{
    "attributes": {
        "cn": [
            "Incoming Forest Trust Builders"
        ],
        "dSCorePropagationData": [
            "2022-09-22 19:48:01+00:00",
            "1601-01-01 00:00:01+00:00"
        ],
        "description": [
            "Members of this group can create incoming, one-way trusts to this forest"
        ],
        "distinguishedName": [
            "CN=Incoming Forest Trust Builders,CN=Builtin,DC=flight,DC=htb"
        ],
        "groupType": [
            -2147483643
        ],
        "instanceType": [
            4
        ],
        "isCriticalSystemObject": [
            true
        ],
        "name": [
            "Incoming Forest Trust Builders"
        ],
        "objectCategory": [
            "CN=Group,CN=Schema,CN=Configuration,DC=flight,DC=htb"
        ],
        "objectClass": [
            "top",
            "group"
        ],
        "objectGUID": [
            "{2765cc04-f11a-46c9-b5a7-b5c04e3be599}"
        ],
        "objectSid": [
            "S-1-5-32-557"
        ],
        "sAMAccountName": [
            "Incoming Forest Trust Builders"
        ],
        "sAMAccountType": [
            536870912
        ],
        "systemFlags": [
            -1946157056
        ],
        "uSNChanged": [
            12371
        ],
        "uSNCreated": [
            12369
        ],
        "whenChanged": [
            "2022-09-22 19:48:01+00:00"
        ],
        "whenCreated": [
            "2022-09-22 19:48:01+00:00"
        ]
    },
    "dn": "CN=Incoming Forest Trust Builders,CN=Builtin,DC=flight,DC=htb"
},{
    "attributes": {
        "cn": [
            "Pre-Windows 2000 Compatible Access"
        ],
        "dSCorePropagationData": [
            "2022-09-22 19:48:01+00:00",
            "1601-01-01 00:00:01+00:00"
        ],
        "description": [
            "A backward compatibility group which allows read access on all users and groups in the domain"
        ],
        "distinguishedName": [
            "CN=Pre-Windows 2000 Compatible Access,CN=Builtin,DC=flight,DC=htb"
        ],
        "groupType": [
            -2147483643
        ],
        "instanceType": [
            4
        ],
        "isCriticalSystemObject": [
            true
        ],
        "member": [
            "CN=S-1-5-11,CN=ForeignSecurityPrincipals,DC=flight,DC=htb"
        ],
        "name": [
            "Pre-Windows 2000 Compatible Access"
        ],
        "objectCategory": [
            "CN=Group,CN=Schema,CN=Configuration,DC=flight,DC=htb"
        ],
        "objectClass": [
            "top",
            "group"
        ],
        "objectGUID": [
            "{a182fc86-5a54-4940-b249-b88502cbfdbd}"
        ],
        "objectSid": [
            "S-1-5-32-554"
        ],
        "sAMAccountName": [
            "Pre-Windows 2000 Compatible Access"
        ],
        "sAMAccountType": [
            536870912
        ],
        "systemFlags": [
            -1946157056
        ],
        "uSNChanged": [
            12393
        ],
        "uSNCreated": [
            12366
        ],
        "whenChanged": [
            "2022-09-22 19:48:01+00:00"
        ],
        "whenCreated": [
            "2022-09-22 19:48:01+00:00"
        ]
    },
    "dn": "CN=Pre-Windows 2000 Compatible Access,CN=Builtin,DC=flight,DC=htb"
},{
    "attributes": {
        "adminCount": [
            1
        ],
        "cn": [
            "Account Operators"
        ],
        "dSCorePropagationData": [
            "2022-09-22 20:32:29+00:00",
            "2022-09-22 19:48:01+00:00",
            "1601-01-01 00:04:16+00:00"
        ],
        "description": [
            "Members can administer domain user and group accounts"
        ],
        "distinguishedName": [
            "CN=Account Operators,CN=Builtin,DC=flight,DC=htb"
        ],
        "groupType": [
            -2147483643
        ],
        "instanceType": [
            4
        ],
        "isCriticalSystemObject": [
            true
        ],
        "name": [
            "Account Operators"
        ],
        "objectCategory": [
            "CN=Group,CN=Schema,CN=Configuration,DC=flight,DC=htb"
        ],
        "objectClass": [
            "top",
            "group"
        ],
        "objectGUID": [
            "{5e04684d-5386-49db-b845-2a42c5a052c6}"
        ],
        "objectSid": [
            "S-1-5-32-548"
        ],
        "sAMAccountName": [
            "Account Operators"
        ],
        "sAMAccountType": [
            536870912
        ],
        "systemFlags": [
            -1946157056
        ],
        "uSNChanged": [
            24604
        ],
        "uSNCreated": [
            12363
        ],
        "whenChanged": [
            "2022-09-22 20:32:29+00:00"
        ],
        "whenCreated": [
            "2022-09-22 19:48:01+00:00"
        ]
    },
    "dn": "CN=Account Operators,CN=Builtin,DC=flight,DC=htb"
},{
    "attributes": {
        "adminCount": [
            1
        ],
        "cn": [
            "Server Operators"
        ],
        "dSCorePropagationData": [
            "2022-09-22 20:32:29+00:00",
            "2022-09-22 19:48:01+00:00",
            "1601-01-01 00:04:16+00:00"
        ],
        "description": [
            "Members can administer domain servers"
        ],
        "distinguishedName": [
            "CN=Server Operators,CN=Builtin,DC=flight,DC=htb"
        ],
        "groupType": [
            -2147483643
        ],
        "instanceType": [
            4
        ],
        "isCriticalSystemObject": [
            true
        ],
        "name": [
            "Server Operators"
        ],
        "objectCategory": [
            "CN=Group,CN=Schema,CN=Configuration,DC=flight,DC=htb"
        ],
        "objectClass": [
            "top",
            "group"
        ],
        "objectGUID": [
            "{3b82a432-4e7e-4663-a7f7-595db36ebb69}"
        ],
        "objectSid": [
            "S-1-5-32-549"
        ],
        "sAMAccountName": [
            "Server Operators"
        ],
        "sAMAccountType": [
            536870912
        ],
        "systemFlags": [
            -1946157056
        ],
        "uSNChanged": [
            24603
        ],
        "uSNCreated": [
            12360
        ],
        "whenChanged": [
            "2022-09-22 20:32:29+00:00"
        ],
        "whenCreated": [
            "2022-09-22 19:48:01+00:00"
        ]
    },
    "dn": "CN=Server Operators,CN=Builtin,DC=flight,DC=htb"
},{
    "attributes": {
        "cn": [
            "RAS and IAS Servers"
        ],
        "dSCorePropagationData": [
            "2022-09-22 19:48:01+00:00",
            "1601-01-01 00:00:01+00:00"
        ],
        "description": [
            "Servers in this group can access remote access properties of users"
        ],
        "distinguishedName": [
            "CN=RAS and IAS Servers,CN=Users,DC=flight,DC=htb"
        ],
        "groupType": [
            -2147483644
        ],
        "instanceType": [
            4
        ],
        "isCriticalSystemObject": [
            true
        ],
        "name": [
            "RAS and IAS Servers"
        ],
        "objectCategory": [
            "CN=Group,CN=Schema,CN=Configuration,DC=flight,DC=htb"
        ],
        "objectClass": [
            "top",
            "group"
        ],
        "objectGUID": [
            "{f45206e3-78c2-48f9-bab9-53b679692442}"
        ],
        "objectSid": [
            "S-1-5-21-4078382237-1492182817-2568127209-553"
        ],
        "sAMAccountName": [
            "RAS and IAS Servers"
        ],
        "sAMAccountType": [
            536870912
        ],
        "uSNChanged": [
            12359
        ],
        "uSNCreated": [
            12357
        ],
        "whenChanged": [
            "2022-09-22 19:48:01+00:00"
        ],
        "whenCreated": [
            "2022-09-22 19:48:01+00:00"
        ]
    },
    "dn": "CN=RAS and IAS Servers,CN=Users,DC=flight,DC=htb"
},{
    "attributes": {
        "cn": [
            "Group Policy Creator Owners"
        ],
        "dSCorePropagationData": [
            "2022-09-22 19:48:01+00:00",
            "1601-01-01 00:00:01+00:00"
        ],
        "description": [
            "Members in this group can modify group policy for the domain"
        ],
        "distinguishedName": [
            "CN=Group Policy Creator Owners,CN=Users,DC=flight,DC=htb"
        ],
        "groupType": [
            -2147483646
        ],
        "instanceType": [
            4
        ],
        "isCriticalSystemObject": [
            true
        ],
        "member": [
            "CN=Administrator,CN=Users,DC=flight,DC=htb"
        ],
        "memberOf": [
            "CN=Denied RODC Password Replication Group,CN=Users,DC=flight,DC=htb"
        ],
        "name": [
            "Group Policy Creator Owners"
        ],
        "objectCategory": [
            "CN=Group,CN=Schema,CN=Configuration,DC=flight,DC=htb"
        ],
        "objectClass": [
            "top",
            "group"
        ],
        "objectGUID": [
            "{e998cbaa-8b2e-4113-83a6-33d75eb1d231}"
        ],
        "objectSid": [
            "S-1-5-21-4078382237-1492182817-2568127209-520"
        ],
        "sAMAccountName": [
            "Group Policy Creator Owners"
        ],
        "sAMAccountType": [
            268435456
        ],
        "uSNChanged": [
            12391
        ],
        "uSNCreated": [
            12354
        ],
        "whenChanged": [
            "2022-09-22 19:48:01+00:00"
        ],
        "whenCreated": [
            "2022-09-22 19:48:01+00:00"
        ]
    },
    "dn": "CN=Group Policy Creator Owners,CN=Users,DC=flight,DC=htb"
},{
    "attributes": {
        "cn": [
            "Domain Guests"
        ],
        "dSCorePropagationData": [
            "2022-09-22 19:48:01+00:00",
            "1601-01-01 00:00:01+00:00"
        ],
        "description": [
            "All domain guests"
        ],
        "distinguishedName": [
            "CN=Domain Guests,CN=Users,DC=flight,DC=htb"
        ],
        "groupType": [
            -2147483646
        ],
        "instanceType": [
            4
        ],
        "isCriticalSystemObject": [
            true
        ],
        "memberOf": [
            "CN=Guests,CN=Builtin,DC=flight,DC=htb"
        ],
        "name": [
            "Domain Guests"
        ],
        "objectCategory": [
            "CN=Group,CN=Schema,CN=Configuration,DC=flight,DC=htb"
        ],
        "objectClass": [
            "top",
            "group"
        ],
        "objectGUID": [
            "{ec248c5f-707e-4781-aec1-b3b3ef1040f7}"
        ],
        "objectSid": [
            "S-1-5-21-4078382237-1492182817-2568127209-514"
        ],
        "sAMAccountName": [
            "Domain Guests"
        ],
        "sAMAccountType": [
            268435456
        ],
        "uSNChanged": [
            12353
        ],
        "uSNCreated": [
            12351
        ],
        "whenChanged": [
            "2022-09-22 19:48:01+00:00"
        ],
        "whenCreated": [
            "2022-09-22 19:48:01+00:00"
        ]
    },
    "dn": "CN=Domain Guests,CN=Users,DC=flight,DC=htb"
},{
    "attributes": {
        "cn": [
            "Domain Users"
        ],
        "dSCorePropagationData": [
            "2022-09-22 19:48:01+00:00",
            "1601-01-01 00:00:01+00:00"
        ],
        "description": [
            "All domain users"
        ],
        "distinguishedName": [
            "CN=Domain Users,CN=Users,DC=flight,DC=htb"
        ],
        "groupType": [
            -2147483646
        ],
        "instanceType": [
            4
        ],
        "isCriticalSystemObject": [
            true
        ],
        "memberOf": [
            "CN=Users,CN=Builtin,DC=flight,DC=htb"
        ],
        "name": [
            "Domain Users"
        ],
        "objectCategory": [
            "CN=Group,CN=Schema,CN=Configuration,DC=flight,DC=htb"
        ],
        "objectClass": [
            "top",
            "group"
        ],
        "objectGUID": [
            "{6f4faf3d-9d03-40d8-bb8c-78abdd0a7c4b}"
        ],
        "objectSid": [
            "S-1-5-21-4078382237-1492182817-2568127209-513"
        ],
        "sAMAccountName": [
            "Domain Users"
        ],
        "sAMAccountType": [
            268435456
        ],
        "uSNChanged": [
            12350
        ],
        "uSNCreated": [
            12348
        ],
        "whenChanged": [
            "2022-09-22 19:48:01+00:00"
        ],
        "whenCreated": [
            "2022-09-22 19:48:01+00:00"
        ]
    },
    "dn": "CN=Domain Users,CN=Users,DC=flight,DC=htb"
},{
    "attributes": {
        "adminCount": [
            1
        ],
        "cn": [
            "Domain Admins"
        ],
        "dSCorePropagationData": [
            "2022-09-22 20:32:29+00:00",
            "2022-09-22 19:48:01+00:00",
            "1601-01-01 00:04:16+00:00"
        ],
        "description": [
            "Designated administrators of the domain"
        ],
        "distinguishedName": [
            "CN=Domain Admins,CN=Users,DC=flight,DC=htb"
        ],
        "groupType": [
            -2147483646
        ],
        "instanceType": [
            4
        ],
        "isCriticalSystemObject": [
            true
        ],
        "member": [
            "CN=abc123,CN=Users,DC=flight,DC=htb",
            "CN=Administrator,CN=Users,DC=flight,DC=htb"
        ],
        "memberOf": [
            "CN=Denied RODC Password Replication Group,CN=Users,DC=flight,DC=htb",
            "CN=Administrators,CN=Builtin,DC=flight,DC=htb"
        ],
        "name": [
            "Domain Admins"
        ],
        "objectCategory": [
            "CN=Group,CN=Schema,CN=Configuration,DC=flight,DC=htb"
        ],
        "objectClass": [
            "top",
            "group"
        ],
        "objectGUID": [
            "{53734c04-9cba-42b7-bf1a-fe4163dbc385}"
        ],
        "objectSid": [
            "S-1-5-21-4078382237-1492182817-2568127209-512"
        ],
        "sAMAccountName": [
            "Domain Admins"
        ],
        "sAMAccountType": [
            268435456
        ],
        "uSNChanged": [
            123015
        ],
        "uSNCreated": [
            12345
        ],
        "whenChanged": [
            "2023-03-17 21:22:18+00:00"
        ],
        "whenCreated": [
            "2022-09-22 19:48:01+00:00"
        ]
    },
    "dn": "CN=Domain Admins,CN=Users,DC=flight,DC=htb"
},{
    "attributes": {
        "cn": [
            "Cert Publishers"
        ],
        "dSCorePropagationData": [
            "2022-09-22 19:48:01+00:00",
            "1601-01-01 00:00:01+00:00"
        ],
        "description": [
            "Members of this group are permitted to publish certificates to the directory"
        ],
        "distinguishedName": [
            "CN=Cert Publishers,CN=Users,DC=flight,DC=htb"
        ],
        "groupType": [
            -2147483644
        ],
        "instanceType": [
            4
        ],
        "isCriticalSystemObject": [
            true
        ],
        "memberOf": [
            "CN=Denied RODC Password Replication Group,CN=Users,DC=flight,DC=htb"
        ],
        "name": [
            "Cert Publishers"
        ],
        "objectCategory": [
            "CN=Group,CN=Schema,CN=Configuration,DC=flight,DC=htb"
        ],
        "objectClass": [
            "top",
            "group"
        ],
        "objectGUID": [
            "{b6d3c737-389d-4b1f-9889-e0376167addb}"
        ],
        "objectSid": [
            "S-1-5-21-4078382237-1492182817-2568127209-517"
        ],
        "sAMAccountName": [
            "Cert Publishers"
        ],
        "sAMAccountType": [
            536870912
        ],
        "uSNChanged": [
            12344
        ],
        "uSNCreated": [
            12342
        ],
        "whenChanged": [
            "2022-09-22 19:48:01+00:00"
        ],
        "whenCreated": [
            "2022-09-22 19:48:01+00:00"
        ]
    },
    "dn": "CN=Cert Publishers,CN=Users,DC=flight,DC=htb"
},{
    "attributes": {
        "adminCount": [
            1
        ],
        "cn": [
            "Enterprise Admins"
        ],
        "dSCorePropagationData": [
            "2022-09-22 20:32:29+00:00",
            "2022-09-22 19:48:01+00:00",
            "1601-01-01 00:04:16+00:00"
        ],
        "description": [
            "Designated administrators of the enterprise"
        ],
        "distinguishedName": [
            "CN=Enterprise Admins,CN=Users,DC=flight,DC=htb"
        ],
        "groupType": [
            -2147483640
        ],
        "instanceType": [
            4
        ],
        "isCriticalSystemObject": [
            true
        ],
        "member": [
            "CN=Administrator,CN=Users,DC=flight,DC=htb"
        ],
        "memberOf": [
            "CN=Denied RODC Password Replication Group,CN=Users,DC=flight,DC=htb",
            "CN=Administrators,CN=Builtin,DC=flight,DC=htb"
        ],
        "name": [
            "Enterprise Admins"
        ],
        "objectCategory": [
            "CN=Group,CN=Schema,CN=Configuration,DC=flight,DC=htb"
        ],
        "objectClass": [
            "top",
            "group"
        ],
        "objectGUID": [
            "{627c0a5e-5c11-4cbd-82f0-16595f842fc0}"
        ],
        "objectSid": [
            "S-1-5-21-4078382237-1492182817-2568127209-519"
        ],
        "sAMAccountName": [
            "Enterprise Admins"
        ],
        "sAMAccountType": [
            268435456
        ],
        "uSNChanged": [
            24599
        ],
        "uSNCreated": [
            12339
        ],
        "whenChanged": [
            "2022-09-22 20:32:29+00:00"
        ],
        "whenCreated": [
            "2022-09-22 19:48:01+00:00"
        ]
    },
    "dn": "CN=Enterprise Admins,CN=Users,DC=flight,DC=htb"
},{
    "attributes": {
        "adminCount": [
            1
        ],
        "cn": [
            "Schema Admins"
        ],
        "dSCorePropagationData": [
            "2022-09-22 20:32:29+00:00",
            "2022-09-22 19:48:01+00:00",
            "1601-01-01 00:04:16+00:00"
        ],
        "description": [
            "Designated administrators of the schema"
        ],
        "distinguishedName": [
            "CN=Schema Admins,CN=Users,DC=flight,DC=htb"
        ],
        "groupType": [
            -2147483640
        ],
        "instanceType": [
            4
        ],
        "isCriticalSystemObject": [
            true
        ],
        "member": [
            "CN=Administrator,CN=Users,DC=flight,DC=htb"
        ],
        "memberOf": [
            "CN=Denied RODC Password Replication Group,CN=Users,DC=flight,DC=htb"
        ],
        "name": [
            "Schema Admins"
        ],
        "objectCategory": [
            "CN=Group,CN=Schema,CN=Configuration,DC=flight,DC=htb"
        ],
        "objectClass": [
            "top",
            "group"
        ],
        "objectGUID": [
            "{92557a5c-e498-4a24-90a4-0e26a2c876f2}"
        ],
        "objectSid": [
            "S-1-5-21-4078382237-1492182817-2568127209-518"
        ],
        "sAMAccountName": [
            "Schema Admins"
        ],
        "sAMAccountType": [
            268435456
        ],
        "uSNChanged": [
            24598
        ],
        "uSNCreated": [
            12336
        ],
        "whenChanged": [
            "2022-09-22 20:32:29+00:00"
        ],
        "whenCreated": [
            "2022-09-22 19:48:01+00:00"
        ]
    },
    "dn": "CN=Schema Admins,CN=Users,DC=flight,DC=htb"
},{
    "attributes": {
        "adminCount": [
            1
        ],
        "cn": [
            "Domain Controllers"
        ],
        "dSCorePropagationData": [
            "2022-09-22 20:32:29+00:00",
            "2022-09-22 19:48:01+00:00",
            "1601-01-01 00:04:16+00:00"
        ],
        "description": [
            "All domain controllers in the domain"
        ],
        "distinguishedName": [
            "CN=Domain Controllers,CN=Users,DC=flight,DC=htb"
        ],
        "groupType": [
            -2147483646
        ],
        "instanceType": [
            4
        ],
        "isCriticalSystemObject": [
            true
        ],
        "memberOf": [
            "CN=Denied RODC Password Replication Group,CN=Users,DC=flight,DC=htb"
        ],
        "name": [
            "Domain Controllers"
        ],
        "objectCategory": [
            "CN=Group,CN=Schema,CN=Configuration,DC=flight,DC=htb"
        ],
        "objectClass": [
            "top",
            "group"
        ],
        "objectGUID": [
            "{a3a59851-9e82-4066-9479-019699d46f04}"
        ],
        "objectSid": [
            "S-1-5-21-4078382237-1492182817-2568127209-516"
        ],
        "sAMAccountName": [
            "Domain Controllers"
        ],
        "sAMAccountType": [
            268435456
        ],
        "uSNChanged": [
            24615
        ],
        "uSNCreated": [
            12333
        ],
        "whenChanged": [
            "2022-09-22 20:32:29+00:00"
        ],
        "whenCreated": [
            "2022-09-22 19:48:01+00:00"
        ]
    },
    "dn": "CN=Domain Controllers,CN=Users,DC=flight,DC=htb"
},{
    "attributes": {
        "cn": [
            "Domain Computers"
        ],
        "dSCorePropagationData": [
            "2022-09-22 19:48:01+00:00",
            "1601-01-01 00:00:01+00:00"
        ],
        "description": [
            "All workstations and servers joined to the domain"
        ],
        "distinguishedName": [
            "CN=Domain Computers,CN=Users,DC=flight,DC=htb"
        ],
        "groupType": [
            -2147483646
        ],
        "instanceType": [
            4
        ],
        "isCriticalSystemObject": [
            true
        ],
        "name": [
            "Domain Computers"
        ],
        "objectCategory": [
            "CN=Group,CN=Schema,CN=Configuration,DC=flight,DC=htb"
        ],
        "objectClass": [
            "top",
            "group"
        ],
        "objectGUID": [
            "{a1983d99-bad9-4698-872a-7f4fc0a026e0}"
        ],
        "objectSid": [
            "S-1-5-21-4078382237-1492182817-2568127209-515"
        ],
        "sAMAccountName": [
            "Domain Computers"
        ],
        "sAMAccountType": [
            268435456
        ],
        "uSNChanged": [
            12332
        ],
        "uSNCreated": [
            12330
        ],
        "whenChanged": [
            "2022-09-22 19:48:01+00:00"
        ],
        "whenCreated": [
            "2022-09-22 19:48:01+00:00"
        ]
    },
    "dn": "CN=Domain Computers,CN=Users,DC=flight,DC=htb"
},{
    "attributes": {
        "cn": [
            "Storage Replica Administrators"
        ],
        "dSCorePropagationData": [
            "2022-09-22 19:48:01+00:00",
            "1601-01-01 00:00:01+00:00"
        ],
        "description": [
            "Members of this group have complete and unrestricted access to all features of Storage Replica."
        ],
        "distinguishedName": [
            "CN=Storage Replica Administrators,CN=Builtin,DC=flight,DC=htb"
        ],
        "groupType": [
            -2147483643
        ],
        "instanceType": [
            4
        ],
        "isCriticalSystemObject": [
            true
        ],
        "name": [
            "Storage Replica Administrators"
        ],
        "objectCategory": [
            "CN=Group,CN=Schema,CN=Configuration,DC=flight,DC=htb"
        ],
        "objectClass": [
            "top",
            "group"
        ],
        "objectGUID": [
            "{5544daff-c246-4d44-8ac6-3d2b60b1f9f2}"
        ],
        "objectSid": [
            "S-1-5-32-582"
        ],
        "sAMAccountName": [
            "Storage Replica Administrators"
        ],
        "sAMAccountType": [
            536870912
        ],
        "systemFlags": [
            -1946157056
        ],
        "uSNChanged": [
            8230
        ],
        "uSNCreated": [
            8230
        ],
        "whenChanged": [
            "2022-09-22 19:47:40+00:00"
        ],
        "whenCreated": [
            "2022-09-22 19:47:40+00:00"
        ]
    },
    "dn": "CN=Storage Replica Administrators,CN=Builtin,DC=flight,DC=htb"
},{
    "attributes": {
        "cn": [
            "Remote Management Users"
        ],
        "dSCorePropagationData": [
            "2022-09-22 19:48:01+00:00",
            "1601-01-01 00:00:01+00:00"
        ],
        "description": [
            "Members of this group can access WMI resources over management protocols (such as WS-Management via the Windows Remote Management service). This applies only to WMI namespaces that grant access to the user."
        ],
        "distinguishedName": [
            "CN=Remote Management Users,CN=Builtin,DC=flight,DC=htb"
        ],
        "groupType": [
            -2147483643
        ],
        "instanceType": [
            4
        ],
        "isCriticalSystemObject": [
            true
        ],
        "name": [
            "Remote Management Users"
        ],
        "objectCategory": [
            "CN=Group,CN=Schema,CN=Configuration,DC=flight,DC=htb"
        ],
        "objectClass": [
            "top",
            "group"
        ],
        "objectGUID": [
            "{cc946b44-7923-4891-b79e-ae38c0ae5abf}"
        ],
        "objectSid": [
            "S-1-5-32-580"
        ],
        "sAMAccountName": [
            "Remote Management Users"
        ],
        "sAMAccountType": [
            536870912
        ],
        "systemFlags": [
            -1946157056
        ],
        "uSNChanged": [
            20568
        ],
        "uSNCreated": [
            8229
        ],
        "whenChanged": [
            "2022-09-22 20:08:24+00:00"
        ],
        "whenCreated": [
            "2022-09-22 19:47:40+00:00"
        ]
    },
    "dn": "CN=Remote Management Users,CN=Builtin,DC=flight,DC=htb"
},{
    "attributes": {
        "cn": [
            "Access Control Assistance Operators"
        ],
        "dSCorePropagationData": [
            "2022-09-22 19:48:01+00:00",
            "1601-01-01 00:00:01+00:00"
        ],
        "description": [
            "Members of this group can remotely query authorization attributes and permissions for resources on this computer."
        ],
        "distinguishedName": [
            "CN=Access Control Assistance Operators,CN=Builtin,DC=flight,DC=htb"
        ],
        "groupType": [
            -2147483643
        ],
        "instanceType": [
            4
        ],
        "isCriticalSystemObject": [
            true
        ],
        "name": [
            "Access Control Assistance Operators"
        ],
        "objectCategory": [
            "CN=Group,CN=Schema,CN=Configuration,DC=flight,DC=htb"
        ],
        "objectClass": [
            "top",
            "group"
        ],
        "objectGUID": [
            "{ddb49914-33ac-4b9e-95d8-191780596101}"
        ],
        "objectSid": [
            "S-1-5-32-579"
        ],
        "sAMAccountName": [
            "Access Control Assistance Operators"
        ],
        "sAMAccountType": [
            536870912
        ],
        "systemFlags": [
            -1946157056
        ],
        "uSNChanged": [
            8228
        ],
        "uSNCreated": [
            8228
        ],
        "whenChanged": [
            "2022-09-22 19:47:40+00:00"
        ],
        "whenCreated": [
            "2022-09-22 19:47:40+00:00"
        ]
    },
    "dn": "CN=Access Control Assistance Operators,CN=Builtin,DC=flight,DC=htb"
},{
    "attributes": {
        "cn": [
            "Hyper-V Administrators"
        ],
        "dSCorePropagationData": [
            "2022-09-22 19:48:01+00:00",
            "1601-01-01 00:00:01+00:00"
        ],
        "description": [
            "Members of this group have complete and unrestricted access to all features of Hyper-V."
        ],
        "distinguishedName": [
            "CN=Hyper-V Administrators,CN=Builtin,DC=flight,DC=htb"
        ],
        "groupType": [
            -2147483643
        ],
        "instanceType": [
            4
        ],
        "isCriticalSystemObject": [
            true
        ],
        "name": [
            "Hyper-V Administrators"
        ],
        "objectCategory": [
            "CN=Group,CN=Schema,CN=Configuration,DC=flight,DC=htb"
        ],
        "objectClass": [
            "top",
            "group"
        ],
        "objectGUID": [
            "{755d05ac-5a28-42e1-8c73-0394eb5dec94}"
        ],
        "objectSid": [
            "S-1-5-32-578"
        ],
        "sAMAccountName": [
            "Hyper-V Administrators"
        ],
        "sAMAccountType": [
            536870912
        ],
        "systemFlags": [
            -1946157056
        ],
        "uSNChanged": [
            8227
        ],
        "uSNCreated": [
            8227
        ],
        "whenChanged": [
            "2022-09-22 19:47:40+00:00"
        ],
        "whenCreated": [
            "2022-09-22 19:47:40+00:00"
        ]
    },
    "dn": "CN=Hyper-V Administrators,CN=Builtin,DC=flight,DC=htb"
},{
    "attributes": {
        "cn": [
            "RDS Management Servers"
        ],
        "dSCorePropagationData": [
            "2022-09-22 19:48:01+00:00",
            "1601-01-01 00:00:01+00:00"
        ],
        "description": [
            "Servers in this group can perform routine administrative actions on servers running Remote Desktop Services. This group needs to be populated on all servers in a Remote Desktop Services deployment. The servers running the RDS Central Management service must be included in this group."
        ],
        "distinguishedName": [
            "CN=RDS Management Servers,CN=Builtin,DC=flight,DC=htb"
        ],
        "groupType": [
            -2147483643
        ],
        "instanceType": [
            4
        ],
        "isCriticalSystemObject": [
            true
        ],
        "name": [
            "RDS Management Servers"
        ],
        "objectCategory": [
            "CN=Group,CN=Schema,CN=Configuration,DC=flight,DC=htb"
        ],
        "objectClass": [
            "top",
            "group"
        ],
        "objectGUID": [
            "{a7a2ef50-d869-4f2f-b43c-2c646dd78cfd}"
        ],
        "objectSid": [
            "S-1-5-32-577"
        ],
        "sAMAccountName": [
            "RDS Management Servers"
        ],
        "sAMAccountType": [
            536870912
        ],
        "systemFlags": [
            -1946157056
        ],
        "uSNChanged": [
            8226
        ],
        "uSNCreated": [
            8226
        ],
        "whenChanged": [
            "2022-09-22 19:47:40+00:00"
        ],
        "whenCreated": [
            "2022-09-22 19:47:40+00:00"
        ]
    },
    "dn": "CN=RDS Management Servers,CN=Builtin,DC=flight,DC=htb"
},{
    "attributes": {
        "cn": [
            "RDS Endpoint Servers"
        ],
        "dSCorePropagationData": [
            "2022-09-22 19:48:01+00:00",
            "1601-01-01 00:00:01+00:00"
        ],
        "description": [
            "Servers in this group run virtual machines and host sessions where users RemoteApp programs and personal virtual desktops run. This group needs to be populated on servers running RD Connection Broker. RD Session Host servers and RD Virtualization Host servers used in the deployment need to be in this group."
        ],
        "distinguishedName": [
            "CN=RDS Endpoint Servers,CN=Builtin,DC=flight,DC=htb"
        ],
        "groupType": [
            -2147483643
        ],
        "instanceType": [
            4
        ],
        "isCriticalSystemObject": [
            true
        ],
        "name": [
            "RDS Endpoint Servers"
        ],
        "objectCategory": [
            "CN=Group,CN=Schema,CN=Configuration,DC=flight,DC=htb"
        ],
        "objectClass": [
            "top",
            "group"
        ],
        "objectGUID": [
            "{c971632a-6bdd-4da4-8ee8-fefcb5f1b124}"
        ],
        "objectSid": [
            "S-1-5-32-576"
        ],
        "sAMAccountName": [
            "RDS Endpoint Servers"
        ],
        "sAMAccountType": [
            536870912
        ],
        "systemFlags": [
            -1946157056
        ],
        "uSNChanged": [
            8225
        ],
        "uSNCreated": [
            8225
        ],
        "whenChanged": [
            "2022-09-22 19:47:40+00:00"
        ],
        "whenCreated": [
            "2022-09-22 19:47:40+00:00"
        ]
    },
    "dn": "CN=RDS Endpoint Servers,CN=Builtin,DC=flight,DC=htb"
},{
    "attributes": {
        "cn": [
            "RDS Remote Access Servers"
        ],
        "dSCorePropagationData": [
            "2022-09-22 19:48:01+00:00",
            "1601-01-01 00:00:01+00:00"
        ],
        "description": [
            "Servers in this group enable users of RemoteApp programs and personal virtual desktops access to these resources. In Internet-facing deployments, these servers are typically deployed in an edge network. This group needs to be populated on servers running RD Connection Broker. RD Gateway servers and RD Web Access servers used in the deployment need to be in this group."
        ],
        "distinguishedName": [
            "CN=RDS Remote Access Servers,CN=Builtin,DC=flight,DC=htb"
        ],
        "groupType": [
            -2147483643
        ],
        "instanceType": [
            4
        ],
        "isCriticalSystemObject": [
            true
        ],
        "name": [
            "RDS Remote Access Servers"
        ],
        "objectCategory": [
            "CN=Group,CN=Schema,CN=Configuration,DC=flight,DC=htb"
        ],
        "objectClass": [
            "top",
            "group"
        ],
        "objectGUID": [
            "{947df9f9-9a2f-4a9c-a32b-896d1f499c2f}"
        ],
        "objectSid": [
            "S-1-5-32-575"
        ],
        "sAMAccountName": [
            "RDS Remote Access Servers"
        ],
        "sAMAccountType": [
            536870912
        ],
        "systemFlags": [
            -1946157056
        ],
        "uSNChanged": [
            8224
        ],
        "uSNCreated": [
            8224
        ],
        "whenChanged": [
            "2022-09-22 19:47:40+00:00"
        ],
        "whenCreated": [
            "2022-09-22 19:47:40+00:00"
        ]
    },
    "dn": "CN=RDS Remote Access Servers,CN=Builtin,DC=flight,DC=htb"
},{
    "attributes": {
        "cn": [
            "Certificate Service DCOM Access"
        ],
        "dSCorePropagationData": [
            "2022-09-22 19:48:01+00:00",
            "1601-01-01 00:00:01+00:00"
        ],
        "description": [
            "Members of this group are allowed to connect to Certification Authorities in the enterprise"
        ],
        "distinguishedName": [
            "CN=Certificate Service DCOM Access,CN=Builtin,DC=flight,DC=htb"
        ],
        "groupType": [
            -2147483643
        ],
        "instanceType": [
            4
        ],
        "isCriticalSystemObject": [
            true
        ],
        "name": [
            "Certificate Service DCOM Access"
        ],
        "objectCategory": [
            "CN=Group,CN=Schema,CN=Configuration,DC=flight,DC=htb"
        ],
        "objectClass": [
            "top",
            "group"
        ],
        "objectGUID": [
            "{f40a542f-386c-4a02-883b-9a89d7dd1faf}"
        ],
        "objectSid": [
            "S-1-5-32-574"
        ],
        "sAMAccountName": [
            "Certificate Service DCOM Access"
        ],
        "sAMAccountType": [
            536870912
        ],
        "systemFlags": [
            -1946157056
        ],
        "uSNChanged": [
            8223
        ],
        "uSNCreated": [
            8223
        ],
        "whenChanged": [
            "2022-09-22 19:47:40+00:00"
        ],
        "whenCreated": [
            "2022-09-22 19:47:40+00:00"
        ]
    },
    "dn": "CN=Certificate Service DCOM Access,CN=Builtin,DC=flight,DC=htb"
},{
    "attributes": {
        "cn": [
            "Event Log Readers"
        ],
        "dSCorePropagationData": [
            "2022-09-22 19:48:01+00:00",
            "1601-01-01 00:00:01+00:00"
        ],
        "description": [
            "Members of this group can read event logs from local machine"
        ],
        "distinguishedName": [
            "CN=Event Log Readers,CN=Builtin,DC=flight,DC=htb"
        ],
        "groupType": [
            -2147483643
        ],
        "instanceType": [
            4
        ],
        "isCriticalSystemObject": [
            true
        ],
        "name": [
            "Event Log Readers"
        ],
        "objectCategory": [
            "CN=Group,CN=Schema,CN=Configuration,DC=flight,DC=htb"
        ],
        "objectClass": [
            "top",
            "group"
        ],
        "objectGUID": [
            "{85f3f19e-0d41-4c75-a6e4-628e3c21f4f4}"
        ],
        "objectSid": [
            "S-1-5-32-573"
        ],
        "sAMAccountName": [
            "Event Log Readers"
        ],
        "sAMAccountType": [
            536870912
        ],
        "systemFlags": [
            -1946157056
        ],
        "uSNChanged": [
            8222
        ],
        "uSNCreated": [
            8222
        ],
        "whenChanged": [
            "2022-09-22 19:47:40+00:00"
        ],
        "whenCreated": [
            "2022-09-22 19:47:40+00:00"
        ]
    },
    "dn": "CN=Event Log Readers,CN=Builtin,DC=flight,DC=htb"
},{
    "attributes": {
        "cn": [
            "Cryptographic Operators"
        ],
        "dSCorePropagationData": [
            "2022-09-22 19:48:01+00:00",
            "1601-01-01 00:00:01+00:00"
        ],
        "description": [
            "Members are authorized to perform cryptographic operations."
        ],
        "distinguishedName": [
            "CN=Cryptographic Operators,CN=Builtin,DC=flight,DC=htb"
        ],
        "groupType": [
            -2147483643
        ],
        "instanceType": [
            4
        ],
        "isCriticalSystemObject": [
            true
        ],
        "name": [
            "Cryptographic Operators"
        ],
        "objectCategory": [
            "CN=Group,CN=Schema,CN=Configuration,DC=flight,DC=htb"
        ],
        "objectClass": [
            "top",
            "group"
        ],
        "objectGUID": [
            "{f2767a1e-b5a3-415d-86f9-684cdd374889}"
        ],
        "objectSid": [
            "S-1-5-32-569"
        ],
        "sAMAccountName": [
            "Cryptographic Operators"
        ],
        "sAMAccountType": [
            536870912
        ],
        "systemFlags": [
            -1946157056
        ],
        "uSNChanged": [
            8221
        ],
        "uSNCreated": [
            8221
        ],
        "whenChanged": [
            "2022-09-22 19:47:40+00:00"
        ],
        "whenCreated": [
            "2022-09-22 19:47:40+00:00"
        ]
    },
    "dn": "CN=Cryptographic Operators,CN=Builtin,DC=flight,DC=htb"
},{
    "attributes": {
        "cn": [
            "IIS_IUSRS"
        ],
        "dSCorePropagationData": [
            "2022-09-22 19:48:01+00:00",
            "1601-01-01 00:00:01+00:00"
        ],
        "description": [
            "Built-in group used by Internet Information Services."
        ],
        "distinguishedName": [
            "CN=IIS_IUSRS,CN=Builtin,DC=flight,DC=htb"
        ],
        "groupType": [
            -2147483643
        ],
        "instanceType": [
            4
        ],
        "isCriticalSystemObject": [
            true
        ],
        "member": [
            "CN=S-1-5-17,CN=ForeignSecurityPrincipals,DC=flight,DC=htb"
        ],
        "name": [
            "IIS_IUSRS"
        ],
        "objectCategory": [
            "CN=Group,CN=Schema,CN=Configuration,DC=flight,DC=htb"
        ],
        "objectClass": [
            "top",
            "group"
        ],
        "objectGUID": [
            "{d1554b65-5e8f-4e67-aa17-ec03c5e10cde}"
        ],
        "objectSid": [
            "S-1-5-32-568"
        ],
        "sAMAccountName": [
            "IIS_IUSRS"
        ],
        "sAMAccountType": [
            536870912
        ],
        "systemFlags": [
            -1946157056
        ],
        "uSNChanged": [
            12403
        ],
        "uSNCreated": [
            8220
        ],
        "whenChanged": [
            "2022-09-22 19:48:01+00:00"
        ],
        "whenCreated": [
            "2022-09-22 19:47:40+00:00"
        ]
    },
    "dn": "CN=IIS_IUSRS,CN=Builtin,DC=flight,DC=htb"
},{
    "attributes": {
        "cn": [
            "Distributed COM Users"
        ],
        "dSCorePropagationData": [
            "2022-09-22 19:48:01+00:00",
            "1601-01-01 00:00:01+00:00"
        ],
        "description": [
            "Members are allowed to launch, activate and use Distributed COM objects on this machine."
        ],
        "distinguishedName": [
            "CN=Distributed COM Users,CN=Builtin,DC=flight,DC=htb"
        ],
        "groupType": [
            -2147483643
        ],
        "instanceType": [
            4
        ],
        "isCriticalSystemObject": [
            true
        ],
        "name": [
            "Distributed COM Users"
        ],
        "objectCategory": [
            "CN=Group,CN=Schema,CN=Configuration,DC=flight,DC=htb"
        ],
        "objectClass": [
            "top",
            "group"
        ],
        "objectGUID": [
            "{ed310fb2-34f9-4910-a0e5-e90b45bb94e0}"
        ],
        "objectSid": [
            "S-1-5-32-562"
        ],
        "sAMAccountName": [
            "Distributed COM Users"
        ],
        "sAMAccountType": [
            536870912
        ],
        "systemFlags": [
            -1946157056
        ],
        "uSNChanged": [
            8219
        ],
        "uSNCreated": [
            8219
        ],
        "whenChanged": [
            "2022-09-22 19:47:40+00:00"
        ],
        "whenCreated": [
            "2022-09-22 19:47:40+00:00"
        ]
    },
    "dn": "CN=Distributed COM Users,CN=Builtin,DC=flight,DC=htb"
},{
    "attributes": {
        "cn": [
            "Performance Log Users"
        ],
        "dSCorePropagationData": [
            "2022-09-22 19:48:01+00:00",
            "1601-01-01 00:00:01+00:00"
        ],
        "description": [
            "Members of this group may schedule logging of performance counters, enable trace providers, and collect event traces both locally and via remote access to this computer"
        ],
        "distinguishedName": [
            "CN=Performance Log Users,CN=Builtin,DC=flight,DC=htb"
        ],
        "groupType": [
            -2147483643
        ],
        "instanceType": [
            4
        ],
        "isCriticalSystemObject": [
            true
        ],
        "name": [
            "Performance Log Users"
        ],
        "objectCategory": [
            "CN=Group,CN=Schema,CN=Configuration,DC=flight,DC=htb"
        ],
        "objectClass": [
            "top",
            "group"
        ],
        "objectGUID": [
            "{8e9106a6-a35e-48b4-9a10-931622ce6f12}"
        ],
        "objectSid": [
            "S-1-5-32-559"
        ],
        "sAMAccountName": [
            "Performance Log Users"
        ],
        "sAMAccountType": [
            536870912
        ],
        "systemFlags": [
            -1946157056
        ],
        "uSNChanged": [
            8218
        ],
        "uSNCreated": [
            8218
        ],
        "whenChanged": [
            "2022-09-22 19:47:40+00:00"
        ],
        "whenCreated": [
            "2022-09-22 19:47:40+00:00"
        ]
    },
    "dn": "CN=Performance Log Users,CN=Builtin,DC=flight,DC=htb"
},{
    "attributes": {
        "cn": [
            "Performance Monitor Users"
        ],
        "dSCorePropagationData": [
            "2022-09-22 19:48:01+00:00",
            "1601-01-01 00:00:01+00:00"
        ],
        "description": [
            "Members of this group can access performance counter data locally and remotely"
        ],
        "distinguishedName": [
            "CN=Performance Monitor Users,CN=Builtin,DC=flight,DC=htb"
        ],
        "groupType": [
            -2147483643
        ],
        "instanceType": [
            4
        ],
        "isCriticalSystemObject": [
            true
        ],
        "name": [
            "Performance Monitor Users"
        ],
        "objectCategory": [
            "CN=Group,CN=Schema,CN=Configuration,DC=flight,DC=htb"
        ],
        "objectClass": [
            "top",
            "group"
        ],
        "objectGUID": [
            "{e5a4c433-a1c9-45b8-bfa7-4583029a1a49}"
        ],
        "objectSid": [
            "S-1-5-32-558"
        ],
        "sAMAccountName": [
            "Performance Monitor Users"
        ],
        "sAMAccountType": [
            536870912
        ],
        "systemFlags": [
            -1946157056
        ],
        "uSNChanged": [
            8217
        ],
        "uSNCreated": [
            8217
        ],
        "whenChanged": [
            "2022-09-22 19:47:40+00:00"
        ],
        "whenCreated": [
            "2022-09-22 19:47:40+00:00"
        ]
    },
    "dn": "CN=Performance Monitor Users,CN=Builtin,DC=flight,DC=htb"
},{
    "attributes": {
        "cn": [
            "Network Configuration Operators"
        ],
        "dSCorePropagationData": [
            "2022-09-22 19:48:01+00:00",
            "1601-01-01 00:00:01+00:00"
        ],
        "description": [
            "Members in this group can have some administrative privileges to manage configuration of networking features"
        ],
        "distinguishedName": [
            "CN=Network Configuration Operators,CN=Builtin,DC=flight,DC=htb"
        ],
        "groupType": [
            -2147483643
        ],
        "instanceType": [
            4
        ],
        "isCriticalSystemObject": [
            true
        ],
        "name": [
            "Network Configuration Operators"
        ],
        "objectCategory": [
            "CN=Group,CN=Schema,CN=Configuration,DC=flight,DC=htb"
        ],
        "objectClass": [
            "top",
            "group"
        ],
        "objectGUID": [
            "{2db91dfa-222d-4013-a83a-b421642b0a94}"
        ],
        "objectSid": [
            "S-1-5-32-556"
        ],
        "sAMAccountName": [
            "Network Configuration Operators"
        ],
        "sAMAccountType": [
            536870912
        ],
        "systemFlags": [
            -1946157056
        ],
        "uSNChanged": [
            8216
        ],
        "uSNCreated": [
            8216
        ],
        "whenChanged": [
            "2022-09-22 19:47:40+00:00"
        ],
        "whenCreated": [
            "2022-09-22 19:47:40+00:00"
        ]
    },
    "dn": "CN=Network Configuration Operators,CN=Builtin,DC=flight,DC=htb"
},{
    "attributes": {
        "cn": [
            "Remote Desktop Users"
        ],
        "dSCorePropagationData": [
            "2022-09-22 19:48:01+00:00",
            "1601-01-01 00:00:01+00:00"
        ],
        "description": [
            "Members in this group are granted the right to logon remotely"
        ],
        "distinguishedName": [
            "CN=Remote Desktop Users,CN=Builtin,DC=flight,DC=htb"
        ],
        "groupType": [
            -2147483643
        ],
        "instanceType": [
            4
        ],
        "isCriticalSystemObject": [
            true
        ],
        "name": [
            "Remote Desktop Users"
        ],
        "objectCategory": [
            "CN=Group,CN=Schema,CN=Configuration,DC=flight,DC=htb"
        ],
        "objectClass": [
            "top",
            "group"
        ],
        "objectGUID": [
            "{2ba44c60-aac7-48e2-aa63-786edf8044bd}"
        ],
        "objectSid": [
            "S-1-5-32-555"
        ],
        "sAMAccountName": [
            "Remote Desktop Users"
        ],
        "sAMAccountType": [
            536870912
        ],
        "systemFlags": [
            -1946157056
        ],
        "uSNChanged": [
            8215
        ],
        "uSNCreated": [
            8215
        ],
        "whenChanged": [
            "2022-09-22 19:47:40+00:00"
        ],
        "whenCreated": [
            "2022-09-22 19:47:40+00:00"
        ]
    },
    "dn": "CN=Remote Desktop Users,CN=Builtin,DC=flight,DC=htb"
},{
    "attributes": {
        "adminCount": [
            1
        ],
        "cn": [
            "Replicator"
        ],
        "dSCorePropagationData": [
            "2022-09-22 20:32:29+00:00",
            "2022-09-22 19:48:01+00:00",
            "1601-01-01 00:04:16+00:00"
        ],
        "description": [
            "Supports file replication in a domain"
        ],
        "distinguishedName": [
            "CN=Replicator,CN=Builtin,DC=flight,DC=htb"
        ],
        "groupType": [
            -2147483643
        ],
        "instanceType": [
            4
        ],
        "isCriticalSystemObject": [
            true
        ],
        "name": [
            "Replicator"
        ],
        "objectCategory": [
            "CN=Group,CN=Schema,CN=Configuration,DC=flight,DC=htb"
        ],
        "objectClass": [
            "top",
            "group"
        ],
        "objectGUID": [
            "{a6516393-9d5c-4163-a520-37772ed502b3}"
        ],
        "objectSid": [
            "S-1-5-32-552"
        ],
        "sAMAccountName": [
            "Replicator"
        ],
        "sAMAccountType": [
            536870912
        ],
        "systemFlags": [
            -1946157056
        ],
        "uSNChanged": [
            24610
        ],
        "uSNCreated": [
            8214
        ],
        "whenChanged": [
            "2022-09-22 20:32:29+00:00"
        ],
        "whenCreated": [
            "2022-09-22 19:47:40+00:00"
        ]
    },
    "dn": "CN=Replicator,CN=Builtin,DC=flight,DC=htb"
},{
    "attributes": {
        "adminCount": [
            1
        ],
        "cn": [
            "Backup Operators"
        ],
        "dSCorePropagationData": [
            "2022-09-22 20:32:29+00:00",
            "2022-09-22 19:48:01+00:00",
            "1601-01-01 00:04:16+00:00"
        ],
        "description": [
            "Backup Operators can override security restrictions for the sole purpose of backing up or restoring files"
        ],
        "distinguishedName": [
            "CN=Backup Operators,CN=Builtin,DC=flight,DC=htb"
        ],
        "groupType": [
            -2147483643
        ],
        "instanceType": [
            4
        ],
        "isCriticalSystemObject": [
            true
        ],
        "name": [
            "Backup Operators"
        ],
        "objectCategory": [
            "CN=Group,CN=Schema,CN=Configuration,DC=flight,DC=htb"
        ],
        "objectClass": [
            "top",
            "group"
        ],
        "objectGUID": [
            "{2065c177-ef5a-4a73-b59d-9c42143d2ddc}"
        ],
        "objectSid": [
            "S-1-5-32-551"
        ],
        "sAMAccountName": [
            "Backup Operators"
        ],
        "sAMAccountType": [
            536870912
        ],
        "systemFlags": [
            -1946157056
        ],
        "uSNChanged": [
            24608
        ],
        "uSNCreated": [
            8213
        ],
        "whenChanged": [
            "2022-09-22 20:32:29+00:00"
        ],
        "whenCreated": [
            "2022-09-22 19:47:40+00:00"
        ]
    },
    "dn": "CN=Backup Operators,CN=Builtin,DC=flight,DC=htb"
},{
    "attributes": {
        "adminCount": [
            1
        ],
        "cn": [
            "Print Operators"
        ],
        "dSCorePropagationData": [
            "2022-09-22 20:32:29+00:00",
            "2022-09-22 19:48:01+00:00",
            "1601-01-01 00:04:16+00:00"
        ],
        "description": [
            "Members can administer printers installed on domain controllers"
        ],
        "distinguishedName": [
            "CN=Print Operators,CN=Builtin,DC=flight,DC=htb"
        ],
        "groupType": [
            -2147483643
        ],
        "instanceType": [
            4
        ],
        "isCriticalSystemObject": [
            true
        ],
        "name": [
            "Print Operators"
        ],
        "objectCategory": [
            "CN=Group,CN=Schema,CN=Configuration,DC=flight,DC=htb"
        ],
        "objectClass": [
            "top",
            "group"
        ],
        "objectGUID": [
            "{fced806d-e5be-4d36-864a-e8d8c94021f7}"
        ],
        "objectSid": [
            "S-1-5-32-550"
        ],
        "sAMAccountName": [
            "Print Operators"
        ],
        "sAMAccountType": [
            536870912
        ],
        "systemFlags": [
            -1946157056
        ],
        "uSNChanged": [
            24606
        ],
        "uSNCreated": [
            8212
        ],
        "whenChanged": [
            "2022-09-22 20:32:29+00:00"
        ],
        "whenCreated": [
            "2022-09-22 19:47:40+00:00"
        ]
    },
    "dn": "CN=Print Operators,CN=Builtin,DC=flight,DC=htb"
},{
    "attributes": {
        "cn": [
            "Guests"
        ],
        "dSCorePropagationData": [
            "2022-09-22 19:48:01+00:00",
            "1601-01-01 00:00:01+00:00"
        ],
        "description": [
            "Guests have the same access as members of the Users group by default, except for the Guest account which is further restricted"
        ],
        "distinguishedName": [
            "CN=Guests,CN=Builtin,DC=flight,DC=htb"
        ],
        "groupType": [
            -2147483643
        ],
        "instanceType": [
            4
        ],
        "isCriticalSystemObject": [
            true
        ],
        "member": [
            "CN=Domain Guests,CN=Users,DC=flight,DC=htb",
            "CN=Guest,CN=Users,DC=flight,DC=htb"
        ],
        "name": [
            "Guests"
        ],
        "objectCategory": [
            "CN=Group,CN=Schema,CN=Configuration,DC=flight,DC=htb"
        ],
        "objectClass": [
            "top",
            "group"
        ],
        "objectGUID": [
            "{7d86d45f-51ad-42f7-8c4f-ed57abb7ea0f}"
        ],
        "objectSid": [
            "S-1-5-32-546"
        ],
        "sAMAccountName": [
            "Guests"
        ],
        "sAMAccountType": [
            536870912
        ],
        "systemFlags": [
            -1946157056
        ],
        "uSNChanged": [
            12383
        ],
        "uSNCreated": [
            8209
        ],
        "whenChanged": [
            "2022-09-22 19:48:01+00:00"
        ],
        "whenCreated": [
            "2022-09-22 19:47:40+00:00"
        ]
    },
    "dn": "CN=Guests,CN=Builtin,DC=flight,DC=htb"
},{
    "attributes": {
        "cn": [
            "Users"
        ],
        "dSCorePropagationData": [
            "2022-09-22 19:48:01+00:00",
            "1601-01-01 00:00:01+00:00"
        ],
        "description": [
            "Users are prevented from making accidental or intentional system-wide changes and can run most applications"
        ],
        "distinguishedName": [
            "CN=Users,CN=Builtin,DC=flight,DC=htb"
        ],
        "groupType": [
            -2147483643
        ],
        "instanceType": [
            4
        ],
        "isCriticalSystemObject": [
            true
        ],
        "member": [
            "CN=Domain Users,CN=Users,DC=flight,DC=htb",
            "CN=S-1-5-11,CN=ForeignSecurityPrincipals,DC=flight,DC=htb",
            "CN=S-1-5-4,CN=ForeignSecurityPrincipals,DC=flight,DC=htb"
        ],
        "name": [
            "Users"
        ],
        "objectCategory": [
            "CN=Group,CN=Schema,CN=Configuration,DC=flight,DC=htb"
        ],
        "objectClass": [
            "top",
            "group"
        ],
        "objectGUID": [
            "{6eed153c-9556-4ca9-afb3-d8b96c0ac270}"
        ],
        "objectSid": [
            "S-1-5-32-545"
        ],
        "sAMAccountName": [
            "Users"
        ],
        "sAMAccountType": [
            536870912
        ],
        "systemFlags": [
            -1946157056
        ],
        "uSNChanged": [
            12381
        ],
        "uSNCreated": [
            8203
        ],
        "whenChanged": [
            "2022-09-22 19:48:01+00:00"
        ],
        "whenCreated": [
            "2022-09-22 19:47:40+00:00"
        ]
    },
    "dn": "CN=Users,CN=Builtin,DC=flight,DC=htb"
},{
    "attributes": {
        "adminCount": [
            1
        ],
        "cn": [
            "Administrators"
        ],
        "dSCorePropagationData": [
            "2022-09-22 20:32:29+00:00",
            "2022-09-22 19:48:01+00:00",
            "1601-01-01 00:04:16+00:00"
        ],
        "description": [
            "Administrators have complete and unrestricted access to the computer/domain"
        ],
        "distinguishedName": [
            "CN=Administrators,CN=Builtin,DC=flight,DC=htb"
        ],
        "groupType": [
            -2147483643
        ],
        "instanceType": [
            4
        ],
        "isCriticalSystemObject": [
            true
        ],
        "member": [
            "CN=Domain Admins,CN=Users,DC=flight,DC=htb",
            "CN=Enterprise Admins,CN=Users,DC=flight,DC=htb",
            "CN=Administrator,CN=Users,DC=flight,DC=htb"
        ],
        "name": [
            "Administrators"
        ],
        "objectCategory": [
            "CN=Group,CN=Schema,CN=Configuration,DC=flight,DC=htb"
        ],
        "objectClass": [
            "top",
            "group"
        ],
        "objectGUID": [
            "{a9f513e6-f3da-4710-ae5b-d17869f9466f}"
        ],
        "objectSid": [
            "S-1-5-32-544"
        ],
        "sAMAccountName": [
            "Administrators"
        ],
        "sAMAccountType": [
            536870912
        ],
        "systemFlags": [
            -1946157056
        ],
        "uSNChanged": [
            24612
        ],
        "uSNCreated": [
            8200
        ],
        "whenChanged": [
            "2022-09-22 20:32:29+00:00"
        ],
        "whenCreated": [
            "2022-09-22 19:47:40+00:00"
        ]
    },
    "dn": "CN=Administrators,CN=Builtin,DC=flight,DC=htb"
},{
    "attributes": {
        "cn": [
            "Access-Denied Assistance Users"
        ],
        "dSCorePropagationData": [
            "2022-09-22 19:48:01+00:00",
            "1601-01-01 00:00:01+00:00"
        ],
        "description": [
            "Members of this group are provided access-denied assistance when it is enabled on this server. By default, this group allows all authenticated users to receive access-denied assistance."
        ],
        "distinguishedName": [
            "CN=Access-Denied Assistance Users,CN=Users,DC=flight,DC=htb"
        ],
        "groupType": [
            -2147483644
        ],
        "instanceType": [
            4
        ],
        "name": [
            "Access-Denied Assistance Users"
        ],
        "objectCategory": [
            "CN=Group,CN=Schema,CN=Configuration,DC=flight,DC=htb"
        ],
        "objectClass": [
            "top",
            "group"
        ],
        "objectGUID": [
            "{cbd261c7-0b78-49c6-abe7-622eb87e4979}"
        ],
        "objectSid": [
            "S-1-5-21-4078382237-1492182817-2568127209-1000"
        ],
        "sAMAccountName": [
            "Access-Denied Assistance Users"
        ],
        "sAMAccountType": [
            536870912
        ],
        "uSNChanged": [
            8198
        ],
        "uSNCreated": [
            8198
        ],
        "whenChanged": [
            "2022-09-22 19:47:40+00:00"
        ],
        "whenCreated": [
            "2022-09-22 19:47:40+00:00"
        ]
    },
    "dn": "CN=Access-Denied Assistance Users,CN=Users,DC=flight,DC=htb"
}]